dataset,publishTime,startTime,generation
WINDFOR,2026-09-04T23:30:00Z,2026-09-03T20:00:00Z,12423
WINDFOR,2026-09-04T23:30:00Z,2026-09-03T21:00:00Z,12397
WINDFOR,2026-09-04T23:30:00Z,2026-09-03T22:00:00Z,12372
WINDFOR,2026-09-04T23:30:00Z,2026-09-03T23:00:00Z,13282
WINDFOR,2026-09-04T23:30:00Z,2026-09-04T00:00:00Z,12380
WINDFOR,2026-09-04T23:30:00Z,2026-09-04T01:00:00Z,12455
WINDFOR,2026-09-04T23:30:00Z,2026-09-04T02:00:00Z,11490
WINDFOR,2026-09-04T23:30:00Z,2026-09-04T03:00:00Z,11935
WINDFOR,2026-09-04T23:30:00Z,2026-09-04T04:00:00Z,12808
WINDFOR,2026-09-04T23:30:00Z,2026-09-04T05:00:00Z,13933
WINDFOR,2026-09-04T23:30:00Z,2026-09-04T06:00:00Z,14294
WINDFOR,2026-09-04T23:30:00Z,2026-09-04T07:00:00Z,15484
WINDFOR,2026-09-04T23:30:00Z,2026-09-04T08:00:00Z,18039
WINDFOR,2026-09-04T23:30:00Z,2026-09-04T09:00:00Z,19451
WINDFOR,2026-09-04T23:30:00Z,2026-09-04T10:00:00Z,19898
WINDFOR,2026-09-04T23:30:00Z,2026-09-04T11:00:00Z,20249
WINDFOR,2026-09-04T23:30:00Z,2026-09-04T12:00:00Z,20364
WINDFOR,2026-09-04T23:30:00Z,2026-09-04T13:00:00Z,20300
WINDFOR,2026-09-04T23:30:00Z,2026-09-04T14:00:00Z,20472
WINDFOR,2026-09-04T23:30:00Z,2026-09-04T15:00:00Z,20381
WINDFOR,2026-09-04T23:30:00Z,2026-09-04T16:00:00Z,19348
WINDFOR,2026-09-04T23:30:00Z,2026-09-04T17:00:00Z,19855
WINDFOR,2026-09-04T23:30:00Z,2026-09-04T18:00:00Z,19813
WINDFOR,2026-09-04T23:30:00Z,2026-09-04T19:00:00Z,19638
WINDFOR,2026-09-04T23:30:00Z,2026-09-04T20:00:00Z,19489
WINDFOR,2026-09-04T23:30:00Z,2026-09-04T21:00:00Z,19766
WINDFOR,2026-09-04T23:30:00Z,2026-09-04T22:00:00Z,19581
WINDFOR,2026-09-04T23:30:00Z,2026-09-04T23:00:00Z,19550
WINDFOR,2026-09-04T23:30:00Z,2026-09-05T00:00:00Z,19498
WINDFOR,2026-09-04T23:30:00Z,2026-09-05T01:00:00Z,19111
WINDFOR,2026-09-04T23:30:00Z,2026-09-05T02:00:00Z,18889
WINDFOR,2026-09-04T23:30:00Z,2026-09-05T03:00:00Z,18672
WINDFOR,2026-09-04T23:30:00Z,2026-09-05T04:00:00Z,18316
WINDFOR,2026-09-04T23:30:00Z,2026-09-05T05:00:00Z,17831
WINDFOR,2026-09-04T23:30:00Z,2026-09-05T06:00:00Z,17193
WINDFOR,2026-09-04T23:30:00Z,2026-09-05T07:00:00Z,16300
WINDFOR,2026-09-04T23:30:00Z,2026-09-05T08:00:00Z,15432
WINDFOR,2026-09-04T23:30:00Z,2026-09-05T09:00:00Z,14609
WINDFOR,2026-09-04T23:30:00Z,2026-09-05T10:00:00Z,13721
WINDFOR,2026-09-04T23:30:00Z,2026-09-05T11:00:00Z,12695
WINDFOR,2026-09-04T23:30:00Z,2026-09-05T12:00:00Z,11574
WINDFOR,2026-09-04T23:30:00Z,2026-09-05T13:00:00Z,10403
WINDFOR,2026-09-04T23:30:00Z,2026-09-05T14:00:00Z,9127
WINDFOR,2026-09-04T23:30:00Z,2026-09-05T15:00:00Z,7744
WINDFOR,2026-09-04T23:30:00Z,2026-09-05T16:00:00Z,6312
WINDFOR,2026-09-04T23:30:00Z,2026-09-05T17:00:00Z,4983
WINDFOR,2026-09-04T23:30:00Z,2026-09-05T18:00:00Z,4004
WINDFOR,2026-09-04T23:30:00Z,2026-09-05T19:00:00Z,3477
WINDFOR,2026-09-04T23:30:00Z,2026-09-05T20:00:00Z,3323
WINDFOR,2026-09-04T23:30:00Z,2026-09-05T21:00:00Z,3205
WINDFOR,2026-09-04T23:30:00Z,2026-09-05T22:00:00Z,3132
WINDFOR,2026-09-04T23:30:00Z,2026-09-05T23:00:00Z,3262
WINDFOR,2026-09-04T23:30:00Z,2026-09-06T00:00:00Z,3611
WINDFOR,2026-09-04T23:30:00Z,2026-09-06T01:00:00Z,4098
WINDFOR,2026-09-04T23:30:00Z,2026-09-06T02:00:00Z,4806
WINDFOR,2026-09-04T23:30:00Z,2026-09-06T03:00:00Z,5648
WINDFOR,2026-09-04T23:30:00Z,2026-09-06T04:00:00Z,6671
WINDFOR,2026-09-04T23:30:00Z,2026-09-06T05:00:00Z,7899
WINDFOR,2026-09-04T23:30:00Z,2026-09-06T06:00:00Z,9165
WINDFOR,2026-09-04T23:30:00Z,2026-09-06T07:00:00Z,10284
WINDFOR,2026-09-04T23:30:00Z,2026-09-06T08:00:00Z,11149
WINDFOR,2026-09-04T23:30:00Z,2026-09-06T09:00:00Z,11738
WINDFOR,2026-09-04T23:30:00Z,2026-09-06T10:00:00Z,12389
WINDFOR,2026-09-04T23:30:00Z,2026-09-06T11:00:00Z,12967
WINDFOR,2026-09-04T23:30:00Z,2026-09-06T12:00:00Z,13270
WINDFOR,2026-09-04T23:30:00Z,2026-09-06T13:00:00Z,13393
WINDFOR,2026-09-04T23:30:00Z,2026-09-06T14:00:00Z,13738
WINDFOR,2026-09-04T23:30:00Z,2026-09-06T15:00:00Z,14305
WINDFOR,2026-09-04T23:30:00Z,2026-09-06T16:00:00Z,14886
WINDFOR,2026-09-04T23:30:00Z,2026-09-06T17:00:00Z,15503
WINDFOR,2026-09-04T23:30:00Z,2026-09-06T18:00:00Z,16181
WINDFOR,2026-09-04T23:30:00Z,2026-09-06T19:00:00Z,16723
WINDFOR,2026-09-04T23:30:00Z,2026-09-06T20:00:00Z,16950
